{
   "steps" : [
      {
         "data" : [ 1, 0, 0, 0, 0, 0, 0, 0, 0, 0, 0 ],
         "duration" : 70
      },
      {
         "data" : [ 1, 1, 1, 0, 0, 0, 0, 0, 0, 0, 0 ],
         "duration" : 70
      },
      {
         "data" : [ 1, 1, 1, 1, 1, 0, 0, 0, 0, 0, 0 ],
         "duration" : 70
      },
      {
         "data" : [ 1, 1, 1, 1, 1, 1, 1, 0, 0, 0, 0 ],
         "duration" : 70
      },
      {
         "data" : [ 1, 1, 1, 1, 1, 1, 1, 1, 1, 0, 0 ],
         "duration" : 70
      },
      {
         "data" : [ 1, 1, 1, 1, 1, 1, 1, 1, 1, 1, 1 ],
         "duration" : 70
      },
      {
         "data" : [ 0, 0, 1, 1, 1, 1, 1, 1, 1, 1, 1 ],
         "duration" : 70
      },
      {
         "data" : [ 0, 0, 0, 0, 1, 1, 1, 1, 1, 1, 1 ],
         "duration" : 70
      },
      {
         "data" : [ 0, 0, 0, 0, 0, 0, 1, 1, 1, 1, 1 ],
         "duration" : 70
      },
      {
         "data" : [ 0, 0, 0, 0, 0, 0, 0, 0, 1, 1, 1 ],
         "duration" : 70
      },
      {
         "data" : [ 0, 0, 0, 0, 0, 0, 0, 0, 0, 0, 1 ],
         "duration" : 70
      },
      {
         "data" : [ 0, 0, 0, 0, 0, 0, 0, 0, 0, 0, 0 ],
         "duration" : 90
      },
      {
         "data" : [ 0, 0, 0, 0, 0, 0, 0, 0, 0, 0, 1 ],
         "duration" : 70
      },
      {
         "data" : [ 0, 0, 0, 0, 0, 0, 0, 0, 1, 1, 1 ],
         "duration" : 70
      },
      {
         "data" : [ 0, 0, 0, 0, 0, 0, 1, 1, 1, 1, 1 ],
         "duration" : 70
      },
      {
         "data" : [ 0, 0, 0, 0, 1, 1, 1, 1, 1, 1, 1 ],
         "duration" : 70
      },
      {
         "data" : [ 0, 0, 1, 1, 1, 1, 1, 1, 1, 1, 1 ],
         "duration" : 70
      },
      {
         "data" : [ 1, 1, 1, 1, 1, 1, 1, 1, 1, 1, 1 ],
         "duration" : 70
      },
      {
         "data" : [ 1, 1, 1, 1, 1, 1, 1, 1, 1, 0, 0 ],
         "duration" : 70
      },
      {
         "data" : [ 1, 1, 1, 1, 1, 1, 0, 0, 0, 0, 0 ],
         "duration" : 70
      },
      {
         "data" : [ 1, 1, 1, 1, 0, 0, 0, 0, 0, 0, 0 ],
         "duration" : 70
      },
      {
         "data" : [ 1, 1, 1, 0, 0, 0, 0, 0, 0, 0, 0 ],
         "duration" : 70
      },
      {
         "data" : [ 1, 0, 0, 0, 0, 0, 0, 0, 0, 0, 0 ],
         "duration" : 70
      },
      {
         "data" : [ 0, 0, 0, 0, 0, 0, 0, 0, 0, 0, 0 ],
         "duration" : 90
      }
   ]
}
