{
   "steps" : [
      {
         "data" : [ 1, 0, 0, 0 ],
         "duration" : 100
      },
      {
         "data" : [ 1, 1, 0, 0 ],
         "duration" : 100
      },
      {
         "data" : [ 0, 1, 1, 0 ],
         "duration" : 100
      },
      {
         "data" : [ 0, 0, 1, 1 ],
         "duration" : 100
      },
      {
         "data" : [ 0, 0, 0, 1 ],
         "duration" : 100
      },
      {
         "data" : [ 0, 0, 0, 0 ],
         "duration" : 125
      },
      {
         "data" : [ 0, 0, 0, 1 ],
         "duration" : 100
      },
      {
         "data" : [ 0, 0, 1, 1 ],
         "duration" : 100
      },
      {
         "data" : [ 0, 1, 1, 0 ],
         "duration" : 100
      },
      {
         "data" : [ 1, 1, 0, 0 ],
         "duration" : 100
      },
      {
         "data" : [ 1, 0, 0, 0 ],
         "duration" : 100
      },
      {
         "data" : [ 0, 0, 0, 0 ],
         "duration" : 125
      },
      {
         "data" : [ 0 ],
         "duration" : 0
      }
   ]
}
