{
   "lightGroups" : [
      {
         "alwaysEnabled" : false,
         "color1" : {
            "a" : 255,
            "b" : 0,
            "g" : 0,
            "r" : 255
         },
         "color2" : {
            "a" : 255,
            "b" : 255,
            "g" : 0,
            "r" : 0
         },
         "color3" : {
            "a" : 255,
            "b" : 255,
            "g" : 255,
            "r" : 255
         },
         "coronaTexture" : 0,
         "curve" : 0.0,
         "distance" : 0.28999999165534973,
         "flareDistance" : 100.0,
         "flareIntensity" : 1.0,
         "flareTexture" : 1,
         "freezeLights" : false,
         "lightSlotId" : 0,
         "nearClip" : -0.75,
         "offset" : {
            "x" : 0.0,
            "y" : 0.83999902009963989,
            "z" : 0.45000100135803223
         },
         "patternOffset" : 0,
         "pointLightDistance" : 60.0,
         "pointLightIntensity" : 1.0,
         "points" : [
            {
               "customColor" : {
                  "a" : 255,
                  "b" : 0,
                  "g" : 255,
                  "r" : 255
               },
               "customOffset" : {
                  "x" : 0.0,
                  "y" : 0.0,
                  "z" : 0.0
               },
               "useCustomColor" : false
            },
            {
               "customColor" : {
                  "a" : 255,
                  "b" : 0,
                  "g" : 255,
                  "r" : 255
               },
               "customOffset" : {
                  "x" : 0.0,
                  "y" : 0.0,
                  "z" : 0.0
               },
               "useCustomColor" : false
            }
         ],
         "radius" : 0.75,
         "renderPointLight" : true,
         "renderShadow" : true,
         "shadowFlipTextures" : false,
         "shadowIntensity" : 0.27000099420547485,
         "shadowPositionX" : 0.0,
         "shadowPositionY" : 0.0,
         "shadowRotation" : 0.0,
         "shadowSize" : 2.6399788856506348,
         "shadowTexture" : 3,
         "smallWhiteCoronaColor" : {
            "a" : 255,
            "b" : 255,
            "g" : 255,
            "r" : 255
         },
         "smallWhiteCoronaScale" : 0.30000001192092896,
         "smallWhiteCoronaTexture" : 0,
         "useFlare" : false,
         "useSmallWhiteCorona" : true
      },
      {
         "alwaysEnabled" : false,
         "color1" : {
            "a" : 255,
            "b" : 0,
            "g" : 0,
            "r" : 255
         },
         "color2" : {
            "a" : 255,
            "b" : 0,
            "g" : 0,
            "r" : 255
         },
         "color3" : {
            "a" : 255,
            "b" : 255,
            "g" : 255,
            "r" : 255
         },
         "coronaTexture" : 0,
         "curve" : 0.0,
         "distance" : 0.25,
         "flareDistance" : 100.0,
         "flareIntensity" : 1.0,
         "flareTexture" : 1,
         "freezeLights" : false,
         "lightSlotId" : 0,
         "nearClip" : -0.30000001192092896,
         "offset" : {
            "x" : 0.0,
            "y" : -1.2299989461898804,
            "z" : 0.18000100553035736
         },
         "patternOffset" : 0,
         "pointLightDistance" : 60.0,
         "pointLightIntensity" : 1.0,
         "points" : [
            {
               "customColor" : {
                  "a" : 255,
                  "b" : 0,
                  "g" : 255,
                  "r" : 255
               },
               "customOffset" : {
                  "x" : 0.0,
                  "y" : 0.0,
                  "z" : 0.0
               },
               "useCustomColor" : false
            }
         ],
         "radius" : 1.0,
         "renderPointLight" : true,
         "renderShadow" : false,
         "shadowFlipTextures" : false,
         "shadowIntensity" : 0.80000001192092896,
         "shadowPositionX" : 0.0,
         "shadowPositionY" : 0.0,
         "shadowRotation" : 0.0,
         "shadowSize" : 5.0,
         "shadowTexture" : 3,
         "smallWhiteCoronaColor" : {
            "a" : 255,
            "b" : 255,
            "g" : 255,
            "r" : 255
         },
         "smallWhiteCoronaScale" : 0.30000001192092896,
         "smallWhiteCoronaTexture" : 0,
         "useFlare" : true,
         "useSmallWhiteCorona" : true
      }
   ],
   "version" : "3.0.0"
}
