{
   "steps" : [
      {
         "data" : [ 1, 1 ],
         "duration" : 85
      },
      {
         "data" : [ 0, 0 ],
         "duration" : 30
      },
      {
         "data" : [ 1, 1 ],
         "duration" : 85
      },
      {
         "data" : [ 0, 0 ],
         "duration" : 30
      },
      {
         "data" : [ 1, 1 ],
         "duration" : 85
      },
      {
         "data" : [ 0, 0 ],
         "duration" : 30
      },
      {
         "data" : [ 1, 1 ],
         "duration" : 85
      },
      {
         "data" : [ 0, 0 ],
         "duration" : 30
      },
      {
         "data" : [ 1, 1 ],
         "duration" : 85
      },
      {
         "data" : [ 0, 0 ],
         "duration" : 30
      },
      {
         "data" : [ 1, 1 ],
         "duration" : 85
      },
      {
         "data" : [ 0, 0 ],
         "duration" : 30
      },
      {
         "data" : [ 1, 1 ],
         "duration" : 85
      },
      {
         "data" : [ 0, 0 ],
         "duration" : 750
      }
   ]
}
